,Location,Population,% of world,Date,Source (official or from the United Nations),Notes
0,World,8232000000.0,100%,13 Jun 2025,UN projection[1][3],
1,India,1429404000.0,17.3%,1 Jul 2026,Official projection[4],[b]
2,China,1404890000.0,17.0%,31 Dec 2025,Official estimate[5],[c]
3,United States,341784857.0,4.1%,1 Jul 2025,Official estimate[6],[d]
4,Indonesia,288315089.0,3.5%,31 Dec 2025,National annual projection[7],
5,Pakistan,241499431.0,2.9%,1 Mar 2023,2023 census result[8],[e]
6,Nigeria,223800000.0,2.7%,1 Jul 2023,Official projection[9],
7,Brazil,213421037.0,2.6%,1 Jul 2025,Official estimate[10],
8,Bangladesh,169828911.0,2.1%,14 Jun 2022,2022 census result[11],[f]
9,Russia,146028325.0,1.8%,1 Jan 2025,Official estimate[13],[g]
10,Mexico,131150866.0,1.6%,31 Mar 2026,National quarterly estimate[14],
11,Japan,122850000.0,1.5%,1 Jun 2026,Monthly national estimate[15],
12,Philippines,114123600.0,1.4%,1 Jul 2025,Official projection[16],
13,Democratic Republic of the Congo,112832000.0,1.4%,1 Jul 2025,UN projection[17],
14,Ethiopia,111652998.0,1.4%,1 Jul 2025,National annual projection[18],
15,Egypt,108613296.0,1.3%,1 Jan 2026,Official estimate[19],
16,Vietnam,102300000.0,1.2%,31 Dec 2025,Official estimate[20],
17,Iran,87134000.0,1.1%,21 Mar 2026,Official estimate[21],
18,Turkey,86092168.0,1.0%,31 Dec 2025,Official estimate[22],
19,Germany,83467117.0,1.0%,31 Dec 2025,National quarterly estimate[23],
20,United Kingdom,69487000.0,0.8%,30 Jun 2025,Official estimate[24],[h]
21,France,69081996.0,0.8%,1 Jan 2026,Yearly national estimate[25],[i]
22,Tanzania,68153004.0,0.8%,1 Jul 2025,Official projection[26],[j]
23,Thailand,65706765.0,0.8%,30 Jun 2026,Monthly national estimate[27],
24,South Africa,63100945.0,0.8%,30 Jun 2025,Official estimate[28],
25,Italy,58936123.0,0.7%,31 Mar 2026,Monthly national estimate[29],
26,Kenya,53330978.0,0.6%,1 Jul 2025,Official projection[30],
27,Colombia,53057212.0,0.6%,1 Jan 2025,Official projection[31],
28,Sudan,51662000.0,0.6%,1 Jul 2025,UN projection[32],
29,Myanmar,51375327.0,0.6%,15 Oct 2024,2024 census result[33],[k]
30,South Korea,51097986.0,0.6%,2 Jul 2026,Monthly national estimate[35],
31,Spain,49687120.0,0.6%,1 Apr 2026,National quarterly estimate[36],
32,Algeria,47400000.0,0.6%,1 Jan 2025,National annual projection[37],
33,Argentina,46387098.0,0.6%,1 Jul 2025,National annual projection[38],
34,Iraq,46118793.0,0.6%,21 Nov 2024,2024 census result[39],
35,Uganda,45905417.0,0.6%,10 May 2024,2024 census result[40],
36,Afghanistan,43844000.0,0.5%,1 Jul 2025,UN projection[41][42] (see note),[l]
37,Canada,41417056.0,0.5%,1 Apr 2026,National quarterly estimate[49],
38,Uzbekistan,39047321.0,0.5%,15 Jan 2026,2026 census result[50],
39,Angola,38778554.0,0.5%,1 Jan 2026,National estimate[51],
40,Poland,37281000.0,0.5%,31 Mar 2026,Monthly national estimate[52],
41,Morocco,36828330.0,0.4%,1 Sep 2024,2024 census result[53],[m]
42,Saudi Arabia,35300280.0,0.4%,1 Jul 2024,Official estimate[54],
43,Malaysia,34374300.0,0.4%,31 Mar 2026,National quarterly estimate[55],
44,Peru,34350244.0,0.4%,1 Jul 2025,National annual projection[56],
45,Mozambique,34090466.0,0.4%,1 Jul 2025,National annual projection[57],
46,Ghana,33742380.0,0.4%,1 Jul 2025,National annual projection[58],
47,Yemen,32684503.0,0.4%,1 Jul 2023,Official estimate[59],
48,Ivory Coast,32494020.0,0.4%,31 Dec 2025,National annual projection[60],
49,Madagascar,31727042.0,0.4%,1 Jul 2025,National annual projection[61],
50,Nepal,29911840.0,0.4%,25 Nov 2025,National annual projection[62],
51,Cameroon,29442327.0,0.4%,1 Jul 2025,National annual projection[63],
52,Ukraine,28700000.0,0.3%,1 Sep 2025,State migration service[64],[n]
53,Venezuela,28517000.0,0.3%,1 Jul 2025,UN projection[65],
54,Australia,27801023.0,0.3%,31 Dec 2025,Official projection[66],[o]
55,Niger,27522750.0,0.3%,1 Jul 2025,National annual projection[67],
56,Syria,26472497.0,0.3%,1 Jul 2026,Monthly estimate[68],
57,North Korea,25950000.0,0.3%,1 Jul 2024,National annual projection[69],
58,Burkina Faso,24070553.0,0.3%,1 Jul 2025,Official projection[70],
59,Taiwan,23243565.0,0.3%,31 Jun 2026,Official estimate[71],[p]
60,Mali,22395489.0,0.3%,15 Jun 2022,2022 census result[72],
61,Sri Lanka,21781800.0,0.3%,19 Dec 2024,2024 census result[73],
62,Malawi,20734262.0,0.3%,1 Jul 2025,National annual projection[74],
63,Kazakhstan,20575979.0,0.2%,1 Jun 2026,Official estimate[75],
64,Chile,20206953.0,0.2%,30 Jun 2025,National annual projection[76],
65,Chad,20031602.0,0.2%,1 Jul 2026,National annual projection[77],
66,Zambia,19693423.0,0.2%,8 Sep 2022,2022 census result[78],
67,Somalia,19655000.0,0.2%,1 Jul 2025,UN projection[32],[q]
68,Senegal,19075959.0,0.2%,1 Jul 2025,National annual projection[79],
69,Romania,19036031.0,0.2%,1 Jan 2025,Official estimate[80],
70,Guatemala,18312373.0,0.2%,1 Jul 2026,National annual projection[81],
71,Netherlands,18151406.0,0.2%,30 May 2026,Official estimate[82],[r]
72,Ecuador,18103660.0,0.2%,1 Jul 2025,National annual projection[83],
73,Cambodia,17577760.0,0.2%,1 Jul 2025,Official projection[84],
74,Guinea,17521167.0,0.2%,1 Jul 2025,Census July 2025[85],
75,Zimbabwe,17073087.0,0.2%,1 Jul 2025,Official projection[86],
76,South Sudan,15786898.0,0.2%,1 Jul 2025,National annual projection[87],
77,Rwanda,14418145.0,0.2%,1 Jul 2026,National annual projection[88],
78,Benin,13224860.0,0.2%,1 Jul 2025,National annual projection[89],
79,Burundi,12332788.0,0.1%,16 Aug 2024,Preliminary census result[90],
80,Tunisia,11972169.0,0.1%,6 Nov 2024,2024 census result[91],
81,Jordan,11937000.0,0.1%,31 Dec 2025,National estimate[92],
82,Belgium,11936546.0,0.1%,1 Apr 2026,Official estimate[93],
83,Haiti,11867032.0,0.1%,1 Jul 2024,National annual projection[94],
84,Portugal,11424031.0,0.1%,31 Dec 2025,Official estimate[95],
85,Bolivia,11365333.0,0.1%,23 Mar 2024,2024 census result[96],
86,United Arab Emirates,11294243.0,0.1%,31 Dec 2024,Official estimate[97],
87,Czech Republic,10896003.0,0.1%,31 Mar 2026,Official estimate[98],
88,Dominican Republic,10771504.0,0.1%,10 Nov 2022,2022 census result[99],
89,Tajikistan,10721000.0,0.1%,1 Jan 2026,Official estimate[100],
90,Sweden,10608128.0,0.1%,30 May 2026,Monthly national estimate[101],
91,Greece,10372335.0,0.1%,1 Jan 2025,Official estimate[102],
92,Azerbaijan,10266627.0,0.1%,1 Mar 2026,Monthly national estimate[103],
93,Israel,10252800.0,0.1%,31 May 2026,Monthly national estimate[104],[s]
94,Honduras,10186738.0,0.1%,1 Jul 2026,National annual projection[105],
95,Papua New Guinea,10185363.0,0.1%,16 Jun 2024,2024 census result[106],
96,Cuba,9748007.0,0.1%,31 Dec 2024,Official estimate[107],
97,Hungary,9489000.0,0.1%,1 Jan 2026,Official estimate[108],
98,Austria,9220882.0,0.1%,1 Apr 2026,National quarterly estimate[109],
99,Switzerland,9139676.0,0.1%,31 Mar 2026,National quarterly estimate[110],
100,Sierra Leone,9077691.0,0.1%,1 Jul 2025,National annual projection[111],
101,Belarus,9056080.0,0.1%,1 Jan 2026,Official estimate[112],
102,Togo,8095498.0,0.10%,8 Nov 2022,2022 census result[113],
103,Laos,7745000.0,0.09%,1 Jul 2025,National annual projection[114],
104,Hong Kong (China),7510800.0,0.09%,31 Dec 2025,National estimate[115],
105,Libya,7459000.0,0.09%,1 Jul 2025,UN projection[116],
106,Kyrgyzstan,7404300.0,0.09%,1 Jan 2026,Monthly national estimate[117],
107,Turkmenistan,7057841.0,0.09%,17 Dec 2022,2022 census result[118],
108,Nicaragua,6874748.0,0.08%,30 Jun 2024,Official estimate[119],
109,Serbia,6532019.0,0.08%,1 Jan 2026,Official estimate[120],[t]
110,Central African Republic,6470307.0,0.08%,1 Jul 2024,National annual projection[121],
111,Bulgaria,6423207.0,0.08%,31 Dec 2025,Official estimate[122],
112,Republic of the Congo,6142180.0,0.07%,17 May 2023,2023 census result[123],
113,Singapore,6110200.0,0.07%,30 Jun 2025,National annual projection[124],
114,Paraguay,6109644.0,0.07%,9 Nov 2022,2022 census result[125],
115,Denmark,6031992.0,0.07%,1 Jun 2026,Monthly national estimate[126],[u]
116,El Salvador,6029976.0,0.07%,2 May 2024,2024 census result[127],
117,Lebanon,5895466.0,0.07%,2026,Official estimate[128],
118,Finland,5651171.0,0.07%,31 May 2026,Monthly national estimate[129],[v]
119,Norway,5633770.0,0.07%,31 Mar 2026,National quarterly estimate[130],[w]
120,Palestine,5557096.0,0.07%,31 Dec 2025,National annual projection[131],[x]
121,Ireland,5458600.0,0.07%,1 Apr 2025,National estimate[132],
122,Slovakia,5405368.0,0.07%,31 Mar 2026,National quarterly estimate[133],
123,New Zealand,5361300.0,0.06%,31 Mar 2026,National quarterly estimate[134],[y]
124,Oman,5291146.0,0.06%,30 Apr 2026,Monthly national estimate[135],
125,Liberia,5248621.0,0.06%,10 Nov 2022,2022 census result[136],
126,Costa Rica,5191824.0,0.06%,30 Jun 2025,National annual projection[137],
127,Mauritania,4927532.0,0.06%,25 Dec 2023,2023 census result[138],
128,Kuwait,4881254.0,0.06%,1 Jan 2025,Official estimate[139],
129,Panama,4064780.0,0.05%,1 Jul 2026,2023 census result[140],
130,Georgia,3941100.0,0.05%,1 Jan 2026,Official estimate[141],[z]
131,Croatia,3866233.0,0.05%,1 Jul 2024,Official estimate[142],
132,Eritrea,3607000.0,0.04%,1 Jul 2025,UN projection[116] (see note),[aa]
133,Mongolia,3591120.0,0.04%,31 Dec 2025,National annual projection[149],
134,Uruguay,3485931.0,0.04%,30 Jun 2025,National annual projection[150],
135,Bosnia and Herzegovina,3412000.0,0.04%,1 Jul 2024,Official estimate[151],
136,Qatar,3370611.0,0.04%,31 Mar 2026,Monthly national estimate[152],
137,Puerto Rico (US),3184835.0,0.04%,1 Jul 2025,Annual projection[153],
138,Armenia,3096900.0,0.04%,1 Jan 2025,Official estimate[154],
139,Namibia,3022401.0,0.04%,24 Sep 2023,2023 Census[155],
140,Lithuania,2886179.0,0.03%,1 Jul 2026,Monthly national estimate[156],
141,Jamaica,2774538.0,0.03%,12 Sep 2022,2022 census result[157],
142,Gabon,2469296.0,0.03%,1 Jul 2025,National annual projection[158],
143,Gambia,2422712.0,0.03%,1 May 2024,Preliminary census results[159],
144,Moldova,2365600.0,0.03%,1 Jan 2026,Official estimate[160],[ab]
145,Botswana,2359609.0,0.03%,18 Mar 2022,2022 census result[161],
146,Albania,2335930.0,0.03%,1 Jan 2026,Official estimate[162],
147,Slovenia,2135107.0,0.03%,1 Jan 2026,National quarterly estimate[163],
148,Lesotho,2116427.0,0.03%,2024,Official survey[164],
149,Guinea-Bissau,1852784.0,0.02%,1 Jul 2025,National annual projection[165],
150,Latvia,1835200.0,0.02%,1 May 2026,Monthly national estimate[166],
151,North Macedonia,1819074.0,0.02%,31 Dec 2025,Official estimate[167],
152,Equatorial Guinea,1668768.0,0.02%,1 Jul 2024,Official estimate[168],
153,Bahrain,1603260.0,0.02%,30 Jun 2025,Official estimate[169],
154,Kosovo,1585566.0,0.02%,4 Apr 2024,2024 national census[170],
155,Timor-Leste,1391221.0,0.02%,1 Jul 2025,National annual projection[171],
156,Trinidad and Tobago,1367764.0,0.02%,30 Jun 2025,Official estimate[172],
157,Estonia,1360745.0,0.02%,1 Jan 2026,Official estimate[173],
158,Mauritius,1241856.0,0.02%,31 Dec 2025,National estimate[174],
159,Eswatini,1235549.0,0.01%,1 Jul 2024,Official projection[175],
160,Djibouti,1066809.0,0.01%,20 May 2024,2024 census result[176],
161,Cyprus,983000.0,0.01%,31 Dec 2024,Official estimate[177],[ac]
162,Guyana,956044.0,0.01%,31 Dec 2024,Official estimate[178],
163,Comoros,944388.0,0.01%,2026,Official estimate[179],
164,Fiji,902623.0,0.01%,1 Jan 2026,National annual projection[180],
165,Bhutan,784043.0,0.009%,2025,National annual projection[181],
166,Solomon Islands,750325.0,0.009%,1 Jul 2024,National annual projection[182],
167,Luxembourg,690959.0,0.008%,1 Jan 2026,Official estimate[183],
168,Macau (China),688100.0,0.008%,31 Mar 2026,National quarterly estimate[184],
169,Montenegro,622902.0,0.008%,1 Jan 2026,Official estimate[185],
170,Suriname,616500.0,0.007%,1 Jul 2021,Official estimate[186],
171,Western Sahara (disputed),600904.0,0.007%,1 Jul 2025,UN projection[116],
172,Malta,574250.0,0.007%,31 Dec 2024,Official estimate[187],
173,Maldives,515132.0,0.006%,13 Sep 2022,2022 census result[188],
174,Cape Verde,491233.0,0.006%,16 Jun 2021,2021 census result[189],
175,Northern Cyprus,476214.0,0.006%,31 Dec 2023,Official projection[190],[ad]
176,Brunei,458600.0,0.006%,1 Jul 2025,Official estimate[191],
177,Belize,417634.0,0.005%,1 Jul 2025,Official estimate[192],
178,Bahamas,398165.0,0.005%,4 Apr 2022,2022 census result[193],
179,Iceland,395050.0,0.005%,1 Apr 2026,National quarterly estimate[194],
180,Transnistria,367776.0,0.004%,31 Mar 2024,Official estimate[195],[ae]
181,Vanuatu,321409.0,0.004%,1 Jul 2024,National annual projection[196],
182,French Polynesia (France),279500.0,0.003%,31 Dec 2024,National annual projection[197],
183,New Caledonia (France),264596.0,0.003%,1 Jan 2025,National annual projection[198],
184,Barbados,261692.0,0.003%,31 Dec 2025,Official estimate[199],
185,Abkhazia,244236.0,0.003%,1 Jan 2022,Official estimate[200],[af]
186,São Tomé and Príncipe,209607.0,0.003%,2024,Preliminary census result[201],
187,Samoa,205557.0,0.002%,6 Nov 2021,2021 Census[202],
188,Saint Lucia,184100.0,0.002%,1 Jul 2023,Official estimate[203],
189,Curaçao (Netherlands),156115.0,0.002%,1 Jan 2025,Official estimate[204],
190,Guam (US),153836.0,0.002%,1 Apr 2020,2020 census result[205],
191,Seychelles,123097.0,0.001%,31 Dec 2025,Official estimate[206],
192,Kiribati,120740.0,0.001%,1 Jul 2021,National annual projection[196],
193,Aruba (Netherlands),110625.0,0.001%,31 Dec 2025,Official estimate[207],
194,Saint Vincent and the Grenadines,109296.0,0.001%,15 Jun 2023,2023 census result[208],
195,Grenada,109021.0,0.001%,2021,Preliminary Census results[209],
196,Antigua and Barbuda,103603.0,0.001%,1 Jan 2024,Official estimate[210],
197,Jersey (UK),103267.0,0.001%,21 Mar 2021,2021 census result[211],
198,Tonga,100179.0,0.001%,30 Nov 2021,2021 census result[212],
199,Andorra,89484.0,0.001%,30 Apr 2026,Monthly national estimate[213],
200,Cayman Islands (UK),88833.0,0.001%,31 Dec 2024,National annual projection[214],
201,U.S. Virgin Islands (US),87146.0,0.001%,1 Apr 2020,2020 census result[215],
202,Isle of Man (UK),84975.0,0.001%,1 Apr 2025,Official estimate[216],
203,Micronesia,75817.0,0.0009%,12 Feb 2023,2023 Census[217],
204,Dominica,65514.0,0.0008%,2026,Official estimate[218],
205,Guernsey (UK),64781.0,0.0008%,31 Dec 2023,National quarterly estimate[219],
206,Bermuda (UK),64055.0,0.0008%,1 Jul 2021,National annual projection[220],
207,Greenland (Denmark),56740.0,0.0007%,1 Jan 2026,National quarterly estimate[221],
208,South Ossetia,56520.0,0.0007%,31 Dec 2021,Official estimate[222],[ag]
209,Faroe Islands (Denmark),55348.0,0.0007%,1 May 2026,Monthly national estimate[223],
210,Saint Kitts and Nevis,51320.0,0.0006%,2022,2022 census result[224],
211,Turks and Caicos Islands (UK),50828.0,0.0006%,1 Jul 2024,Official estimate[225],
212,American Samoa (US),49710.0,0.0006%,1 Apr 2020,2020 census result[226],
213,Northern Mariana Islands (US),47329.0,0.0006%,1 Apr 2020,2020 census result[227],
214,Marshall Islands,42418.0,0.0005%,30 Sep 2021,2021 Census[228],
215,Sint Maarten (Netherlands),41349.0,0.0005%,1 Jan 2025,Official estimate[229],
216,Liechtenstein,41237.0,0.0005%,31 Dec 2025,National estimate[230],
217,British Virgin Islands (UK),39471.0,0.0005%,1 Jul 2024,UN projection[3],
218,Monaco,38857.0,0.0005%,31 Dec 2025,Census[231],
219,Gibraltar (UK),38196.0,0.0005%,14 Nov 2022,Preliminary census results[232],
220,San Marino,34159.0,0.0004%,30 Apr 2026,Monthly national estimate[233],
221,Saint Martin (France),31496.0,0.0004%,1 Jan 2025,Official estimate[234],
222,Palau,16733.0,0.0002%,1 Jul 2021,2021 Census[235],
223,Anguilla (UK),16010.0,0.0002%,31 Dec 2024,Official estimate[236],
224,Cook Islands (New Zealand),15040.0,0.0002%,1 Jul 2021,2021 Census[237],
225,Nauru,11680.0,0.0001%,30 Oct 2021,2021 Census[238],
226,Wallis and Futuna (France),11620.0,0.0001%,24 Jul 2023,2023 Census[239],
227,Tuvalu,10643.0,0.0001%,12 Dec 2022,2022 Census[240],
228,Saint Barthélemy (France),10562.0,0.0001%,1 Jan 2025,Official estimate[234],
229,Saint Pierre and Miquelon (France),5819.0,0%,1 Jan 2025,Official estimate[234],
230,"Saint Helena, Ascension and Tristan da Cunha (UK)",5651.0,0%,1 Jul 2021,2021 Census[241][242][243],
231,Montserrat (UK),4386.0,0%,23 Sep 2023,2023 census result[244],
232,Falkland Islands (UK),3662.0,0%,10 Oct 2021,2021 census result[245],
233,Tokelau (New Zealand),2608.0,0%,1 Jan 2025,2025 Census[246],
234,Norfolk Island (Australia),2188.0,0%,1 Jan 2021,2021 Census[247],
235,,,,,,
236,Christmas Island (Australia),1692.0,0%,1 Jan 2021,2021 Census[248],
237,Niue (New Zealand),1681.0,0%,11 Nov 2022,2022 Census[249],
238,Vatican City,882.0,0%,31 Dec 2024,Official figure[250],[ah]
239,Cocos (Keeling) Islands (Australia),593.0,0%,30 Jun 2020,2021 Census[251],
240,Pitcairn Islands (UK),35.0,0%,1 Jul 2023,Official estimate[252],
