variant_id,sequence_length,mutation_count,molecular_weight,isoelectric_point,aromaticity,gravy,charge_at_ph7,fraction_A,fraction_C,fraction_D,fraction_E,fraction_F,fraction_G,fraction_H,fraction_I,fraction_K,fraction_L,fraction_M,fraction_N,fraction_P,fraction_Q,fraction_R,fraction_S,fraction_T,fraction_V,fraction_W,fraction_Y,substitutions
WT,56,0,6637.5569,9.156912040710449,0.14285714285714288,-0.4,1.6767850240643076,0.07142857142857144,0.0,0.07142857142857144,0.03571428571428572,0.07142857142857144,0.03571428571428572,0.03571428571428572,0.07142857142857144,0.08928571428571429,0.07142857142857144,0.03571428571428572,0.0,0.01785714285714286,0.08928571428571429,0.05357142857142857,0.07142857142857144,0.05357142857142857,0.05357142857142857,0.01785714285714286,0.05357142857142857,[]
R1_01,56,1,6651.583500000001,9.156912040710449,0.14285714285714288,-0.3946428571428572,1.6767850240643076,0.07142857142857144,0.0,0.07142857142857144,0.03571428571428572,0.07142857142857144,0.03571428571428572,0.03571428571428572,0.08928571428571429,0.08928571428571429,0.07142857142857144,0.03571428571428572,0.0,0.01785714285714286,0.08928571428571429,0.05357142857142857,0.07142857142857144,0.05357142857142857,0.03571428571428572,0.01785714285714286,0.05357142857142857,['V15I']
R1_02,56,1,6614.520199999999,9.156589698791507,0.14285714285714288,-0.40535714285714286,1.5896108358097196,0.07142857142857144,0.0,0.07142857142857144,0.03571428571428572,0.07142857142857144,0.03571428571428572,0.01785714285714286,0.07142857142857144,0.08928571428571429,0.07142857142857144,0.03571428571428572,0.01785714285714286,0.01785714285714286,0.08928571428571429,0.05357142857142857,0.07142857142857144,0.05357142857142857,0.05357142857142857,0.01785714285714286,0.05357142857142857,['H31N']
R1_03,56,1,6665.610000000001,9.156912040710449,0.14285714285714288,-0.35714285714285715,1.6767850240643076,0.05357142857142857,0.0,0.07142857142857144,0.03571428571428572,0.07142857142857144,0.03571428571428572,0.03571428571428572,0.07142857142857144,0.08928571428571429,0.07142857142857144,0.03571428571428572,0.0,0.01785714285714286,0.08928571428571429,0.05357142857142857,0.07142857142857144,0.05357142857142857,0.07142857142857144,0.01785714285714286,0.05357142857142857,['A42V']
R1_04,56,1,6636.572099999999,9.521029472351074,0.14285714285714288,-0.4,2.675664263124463,0.07142857142857144,0.0,0.05357142857142857,0.03571428571428572,0.07142857142857144,0.03571428571428572,0.03571428571428572,0.07142857142857144,0.08928571428571429,0.07142857142857144,0.03571428571428572,0.01785714285714286,0.01785714285714286,0.08928571428571429,0.05357142857142857,0.07142857142857144,0.05357142857142857,0.05357142857142857,0.01785714285714286,0.05357142857142857,['D45N']
R1_05,56,2,6679.6366,9.156912040710449,0.14285714285714288,-0.3517857142857143,1.6767850240643076,0.05357142857142857,0.0,0.07142857142857144,0.03571428571428572,0.07142857142857144,0.03571428571428572,0.03571428571428572,0.08928571428571429,0.08928571428571429,0.07142857142857144,0.03571428571428572,0.0,0.01785714285714286,0.08928571428571429,0.05357142857142857,0.07142857142857144,0.05357142857142857,0.05357142857142857,0.01785714285714286,0.05357142857142857,"['V15I', 'A42V']"
R1_06,56,2,6613.535400000001,9.520965003967284,0.14285714285714288,-0.40535714285714286,2.588490074869875,0.07142857142857144,0.0,0.05357142857142857,0.03571428571428572,0.07142857142857144,0.03571428571428572,0.01785714285714286,0.07142857142857144,0.08928571428571429,0.07142857142857144,0.03571428571428572,0.03571428571428572,0.01785714285714286,0.08928571428571429,0.05357142857142857,0.07142857142857144,0.05357142857142857,0.05357142857142857,0.01785714285714286,0.05357142857142857,"['H31N', 'D45N']"
R1_07,56,1,6508.398300000001,9.156912040710449,0.125,-0.3910714285714286,1.6767850240643076,0.07142857142857144,0.0,0.07142857142857144,0.03571428571428572,0.07142857142857144,0.05357142857142857,0.03571428571428572,0.07142857142857144,0.08928571428571429,0.07142857142857144,0.03571428571428572,0.0,0.01785714285714286,0.08928571428571429,0.05357142857142857,0.07142857142857144,0.05357142857142857,0.05357142857142857,0.0,0.05357142857142857,['W28G']
R1_08,56,1,6605.470499999999,8.075519371032716,0.125,-0.5125,0.6779057850041514,0.07142857142857144,0.0,0.08928571428571429,0.03571428571428572,0.05357142857142857,0.03571428571428572,0.03571428571428572,0.07142857142857144,0.08928571428571429,0.07142857142857144,0.03571428571428572,0.0,0.01785714285714286,0.08928571428571429,0.05357142857142857,0.07142857142857144,0.05357142857142857,0.05357142857142857,0.01785714285714286,0.05357142857142857,['F49D']
R1_09,56,1,6638.498600000001,6.707649040222168,0.14285714285714288,-0.39285714285714285,-0.3194055129634821,0.07142857142857144,0.0,0.07142857142857144,0.05357142857142857,0.07142857142857144,0.03571428571428572,0.03571428571428572,0.07142857142857144,0.07142857142857144,0.07142857142857144,0.03571428571428572,0.0,0.01785714285714286,0.08928571428571429,0.05357142857142857,0.07142857142857144,0.05357142857142857,0.05357142857142857,0.01785714285714286,0.05357142857142857,['K16E']
R1_10,56,1,6621.557500000001,9.222927665710447,0.14285714285714288,-0.3267857142857143,1.6777840250633087,0.07142857142857144,0.0,0.07142857142857144,0.03571428571428572,0.08928571428571429,0.03571428571428572,0.03571428571428572,0.07142857142857144,0.08928571428571429,0.07142857142857144,0.03571428571428572,0.0,0.01785714285714286,0.08928571428571429,0.05357142857142857,0.07142857142857144,0.05357142857142857,0.05357142857142857,0.01785714285714286,0.03571428571428572,['Y30F']
R1_11,56,1,6622.585300000001,9.156912040710449,0.14285714285714288,-0.2696428571428572,1.6767850240643076,0.07142857142857144,0.0,0.07142857142857144,0.03571428571428572,0.07142857142857144,0.03571428571428572,0.03571428571428572,0.07142857142857144,0.08928571428571429,0.08928571428571429,0.03571428571428572,0.0,0.01785714285714286,0.07142857142857144,0.05357142857142857,0.07142857142857144,0.05357142857142857,0.05357142857142857,0.01785714285714286,0.05357142857142857,['Q33L']
R1_12,56,1,6623.5303,9.156912040710449,0.14285714285714288,-0.4017857142857143,1.6767850240643076,0.07142857142857144,0.0,0.07142857142857144,0.03571428571428572,0.07142857142857144,0.03571428571428572,0.03571428571428572,0.07142857142857144,0.08928571428571429,0.07142857142857144,0.03571428571428572,0.0,0.01785714285714286,0.08928571428571429,0.05357142857142857,0.08928571428571429,0.03571428571428572,0.05357142857142857,0.01785714285714286,0.05357142857142857,['T46S']
R2_01,56,3,6656.599899999999,9.156589698791507,0.14285714285714288,-0.35714285714285715,1.5896108358097196,0.05357142857142857,0.0,0.07142857142857144,0.03571428571428572,0.07142857142857144,0.03571428571428572,0.01785714285714286,0.08928571428571429,0.08928571428571429,0.07142857142857144,0.03571428571428572,0.01785714285714286,0.01785714285714286,0.08928571428571429,0.05357142857142857,0.07142857142857144,0.05357142857142857,0.05357142857142857,0.01785714285714286,0.05357142857142857,"['V15I', 'H31N', 'A42V']"
R2_02,56,3,6678.6518,9.521029472351074,0.14285714285714288,-0.3517857142857143,2.675664263124463,0.05357142857142857,0.0,0.05357142857142857,0.03571428571428572,0.07142857142857144,0.03571428571428572,0.03571428571428572,0.08928571428571429,0.08928571428571429,0.07142857142857144,0.03571428571428572,0.01785714285714286,0.01785714285714286,0.08928571428571429,0.05357142857142857,0.07142857142857144,0.05357142857142857,0.05357142857142857,0.01785714285714286,0.05357142857142857,"['V15I', 'A42V', 'D45N']"
R2_03,56,3,6665.610000000001,9.156912040710449,0.14285714285714288,-0.3535714285714286,1.6767850240643076,0.05357142857142857,0.0,0.07142857142857144,0.03571428571428572,0.07142857142857144,0.03571428571428572,0.03571428571428572,0.08928571428571429,0.08928571428571429,0.07142857142857144,0.03571428571428572,0.0,0.01785714285714286,0.08928571428571429,0.05357142857142857,0.08928571428571429,0.03571428571428572,0.05357142857142857,0.01785714285714286,0.05357142857142857,"['V15I', 'A42V', 'T46S']"
R2_04,56,3,6663.637199999999,9.222927665710447,0.14285714285714288,-0.2785714285714286,1.6777840250633087,0.05357142857142857,0.0,0.07142857142857144,0.03571428571428572,0.08928571428571429,0.03571428571428572,0.03571428571428572,0.08928571428571429,0.08928571428571429,0.07142857142857144,0.03571428571428572,0.0,0.01785714285714286,0.08928571428571429,0.05357142857142857,0.07142857142857144,0.05357142857142857,0.05357142857142857,0.01785714285714286,0.03571428571428572,"['V15I', 'Y30F', 'A42V']"
R2_05,56,3,6627.562,9.520965003967284,0.14285714285714288,-0.4,2.588490074869875,0.07142857142857144,0.0,0.05357142857142857,0.03571428571428572,0.07142857142857144,0.03571428571428572,0.01785714285714286,0.08928571428571429,0.08928571428571429,0.07142857142857144,0.03571428571428572,0.03571428571428572,0.01785714285714286,0.08928571428571429,0.05357142857142857,0.07142857142857144,0.05357142857142857,0.03571428571428572,0.01785714285714286,0.05357142857142857,"['V15I', 'H31N', 'D45N']"
R2_06,56,3,6641.5885,9.520965003967284,0.14285714285714288,-0.3625,2.588490074869875,0.05357142857142857,0.0,0.05357142857142857,0.03571428571428572,0.07142857142857144,0.03571428571428572,0.01785714285714286,0.07142857142857144,0.08928571428571429,0.07142857142857144,0.03571428571428572,0.03571428571428572,0.01785714285714286,0.08928571428571429,0.05357142857142857,0.07142857142857144,0.05357142857142857,0.07142857142857144,0.01785714285714286,0.05357142857142857,"['H31N', 'A42V', 'D45N']"
R2_07,56,3,6598.5638,9.520965003967284,0.14285714285714288,-0.275,2.588490074869875,0.07142857142857144,0.0,0.05357142857142857,0.03571428571428572,0.07142857142857144,0.03571428571428572,0.01785714285714286,0.07142857142857144,0.08928571428571429,0.08928571428571429,0.03571428571428572,0.03571428571428572,0.01785714285714286,0.07142857142857144,0.05357142857142857,0.07142857142857144,0.05357142857142857,0.05357142857142857,0.01785714285714286,0.05357142857142857,"['H31N', 'Q33L', 'D45N']"
R2_08,56,3,6614.4771,8.085769844055175,0.14285714285714288,-0.39821428571428574,0.5922995378420861,0.07142857142857144,0.0,0.05357142857142857,0.05357142857142857,0.07142857142857144,0.03571428571428572,0.01785714285714286,0.07142857142857144,0.07142857142857144,0.07142857142857144,0.03571428571428572,0.03571428571428572,0.01785714285714286,0.08928571428571429,0.05357142857142857,0.07142857142857144,0.05357142857142857,0.05357142857142857,0.01785714285714286,0.05357142857142857,"['K16E', 'H31N', 'D45N']"
